chatgpt 議事録,1,ビジネス,営業・事務
chatgpt 議事録 プロンプト,1,,
chatgpt 議事録 やり方,1,,
chatgpt 議事録 音声,1,,
chatgpt 議事録 文字起こし,1,,
議事録 自動作成 chatgpt,1,,
ai レポート作成,2,ビジネス,営業・事務
ai レポート作成 無料,2,,
生成 ai レポート バレる,2,,
レポート ai バレ ない,2,,
ai レポート チェック,2,,
ai レポート作成 バレる,2,,
レポート 作成 ai おすすめ,2,,
ai 文章作成 レポート,2,,
ai メール作成,3,ビジネス,営業・事務
メール 返信 ai,3,,
ビジネス メール ai,3,,
ai メール作成 無料,3,,
ai タスク管理,3,,
notion ai タスク 管理,4,ビジネス,営業・事務
ai プレゼン資料,5,ビジネス,営業・事務
プレゼン資料 作成 ai,5,,
ai プレゼン資料 無料,5,,
ChatGPT 企画書 プロンプト,5,,
chatgpt パワポ作成 プロンプト,5,,
chatgpt パワポ作成,5,,
chatgpt パワーポイント作成,5,,
chatgpt パワポ 添削,6,ビジネス,営業・事務
chatgpt 領収書,7,ビジネス,営業・事務
chatgpt 要約 プロンプト,8,ビジネス,営業・事務
chatgpt 要約,8,,
chatgpt 便利な使い方 ビジネス,9,ビジネス,営業・事務
chatgpt 表を読み込ませる,10,ビジネス,営業・事務
chatgpt 図面作成,11,ビジネス,営業・事務
chatgpt 業務利用 禁止,12,ビジネス,営業・事務
chatgpt グラフ作成,13,ビジネス,営業・事務
chatgpt グラフ 文字化け,13,,
chatgpt タスク機能,14,ビジネス,営業・事務
chatgpt タスク管理,14,,
論文 検索 ai 日本 語,15,ビジネス,学習・研究
論文 検索 ai おすすめ,15,,
ai 論文検索,16,ビジネス,学習・研究
英語 論文 要約 ai,16,,
論文 翻訳 ai,17,ビジネス,学習・研究
論文 要約 ai 無料,17,,
ai 論文作成 無料,18,ビジネス,学習・研究
ai 論文作成 アプリ,18,,
英作文 添削 ai 無料,19,ビジネス,学習・研究
ai 語学学習,20,ビジネス,学習・研究
ai 読書感想文,21,ビジネス,学習・研究
ai 契約書チェック,22,ビジネス,バックオフィス
契約書 チェック ai 無料,22,,
ai 契約書 レビュー,22,,
ai 法律相談,23,ビジネス,バックオフィス
chatgpt セキュリティ,24,ビジネス,バックオフィス
chatgpt セキュリティ 設定,24,,
chatgpt セキュリティリスク,24,,
chatgpt セキュリティ 機密情報,24,,
生成 ai 情報漏洩,25,ビジネス,バックオフィス
ai 情報漏洩 事例,25,,
ai 情報漏洩 対策,25,,
生成 ai 著作権,26,ビジネス,バックオフィス
ai 著作権侵害 判例,26,,
ai 著作権侵害 事例,26,,
ai 著作権侵害,26,,
ai 著作権 学習データ,26,,
ai 法務 活用,27,ビジネス,バックオフィス
chatgpt コード生成,28,ビジネス,開発
chatgpt コードレビュー,28,,
chatgpt python コード 生成,28,,
chatgpt コード 生成 コツ,28,,
chatgpt ソース コード 読ま せる,28,,
chatgpt ソース コード 解析,28,,
ai デバッグ,29,ビジネス,開発
生成 ai データ分析,30,ビジネス,開発
ai データ分析 ツール,30,,
ai データ分析 事例,30,,
ai github,31,ビジネス,開発
open ai github,31,,
ai html コーディング,32,ビジネス,開発
html 自動生成 ai,32,,
youtube 台本 ai,33,ビジネス,クリエイティブ
ai 台本作成,33,,
ai 台本作成 無料,33,,
youtube 文字 起こし ai,34,ビジネス,クリエイティブ
youtube 要約 ai 無料,34,,
ai キャラクター 作成,35,ビジネス,クリエイティブ
ai キャラクター 作成 アプリ,35,,
キャラクター に 喋ら せる ai,35,,
ai キャラクター 会話 アプリ,36,ビジネス,クリエイティブ
ai キャラクター チャット,36,,
キャラクター と 話せる ai,36,,
ai コピーライティング,37,ビジネス,クリエイティブ
ai 絵本 作り方,38,ビジネス,クリエイティブ
ai 絵本 稼げ ない,38,,
ai 絵本 収益,38,,
ai sns運用,39,ビジネス,マーケティング
ai 学習 禁止 sns,40,ビジネス,マーケティング
ai 学習 されない sns,40,,
生成 ai seo,41,ビジネス,マーケティング
ai seo 対策,41,,
instagram 生成 ai,42,ビジネス,マーケティング
ai 広告作成,43,ビジネス,マーケティング
ai 広告 事例,43,,
ai 広告 気持ち 悪い,43,,
ai アイデア出し,44,ビジネス,戦略
生成 ai アイデア 出し,44,,
chatgpt 英語学習,45,ビジネス,学習・研究
chatgpt 英会話 やり方,45,,
chatgpt 英会話,45,,
chatgpt 画像生成 料金,46,ビジネス,クリエイティブ
chatgpt 画像生成 無料,46,,
chatgpt 画像生成 方法,46,,
chatgpt 画像生成 遅い,47,ビジネス,クリエイティブ
chatgpt 画像生成 制限,47,,
chatgpt 画像生成 商用利用,47,,
chatgpt 画像生成 できない,47,,
chatgpt 画像生成 アプリ,48,ビジネス,クリエイティブ
chatgpt 画像生成,48,,
chatgpt 画像生成 プロンプト,48,,
chatgpt 誤字脱字チェック,49,ビジネス,バックオフィス
chatgpt 作曲,50,ビジネス,クリエイティブ
ai 音楽 youtube 収益化,51,ビジネス,クリエイティブ
chatgpt 卒論 バレる,52,ビジネス,学習・研究
chatgpt 動画編集,53,ビジネス,クリエイティブ
chatgpt 動画作成,53,,
chatgpt 動画読み込み,54,ビジネス,クリエイティブ
chatgpt 動画解析,54,,
chatgpt 動画 要約,54,,
chatgpt 同時通訳,55,ビジネス,学習・研究
chatgpt 版権キャラ,56,ビジネス,クリエイティブ
chatgpt 副業,57,ビジネス,仕事・ビジネス
chatgpt 漫画,58,ビジネス,クリエイティブ
chatgpt 翻訳,59,ビジネス,学習・研究
chatgpt データ分析,60,ビジネス,マーケティング
chatgpt デザイン,61,ビジネス,クリエイティブ
chatgpt プロンプト テンプレート,62,ビジネス,営業・事務
chatgpt プロンプト 一覧,62,,
chatgpt プロンプト 例,62,,
chatgpt プロンプトジェネレーター,62,,
chatgpt プロンプト コツ,63,ビジネス,営業・事務
chatgpt プロンプト 書き方,63,,
chatgpt プロンプトエンジニアリング,63,,
chatgpt プロンプト 保存,64,ビジネス,営業・事務
chatgpt プロンプト フォーマット,64,,
chatgpt 壁 打ち プロンプト,65,ビジネス,営業・事務
line 返信 考えてくれる ai,66,プライベート,日常
line 生成 ai,66,,
line 自動 返信 ai,66,,
line ai トーク サジェスト,66,,
line スタンプ 作り方 ai,67,プライベート,日常
line スタンプ ai 無料,67,,
line スタンプ ai 生成,67,,
line スタンプ ai 規約,67,,
line スタンプ ai 稼ぐ,67,,
line ai 彼氏 無料,68,プライベート,日常
line ai 彼氏 やり方,68,,
line ai 画像 生成,69,プライベート,日常
ai 面白いサイト,70,プライベート,日常
ai 面白い サービス,70,,
ai 面白い画像,71,プライベート,日常
ai 画像 生成 面白い,71,,
ai 面白い ネタ,72,プライベート,日常
ai 診断 面白い,73,プライベート,日常
ai ブログ,74,プライベート,趣味・娯楽
ai ブログ作成 無料,74,,
ai ブログ 稼ぐ,74,,
ai ブログ 漫画,75,プライベート,趣味・娯楽
ai に ゲーム を させる,76,プライベート,趣味・娯楽
ai ゲーム プレイ,76,,
ai ゲーム制作,77,プライベート,趣味・娯楽
ai ゲーム 自動生成,77,,
ai に ゲーム を 作ら せる,77,,
ai ゲームアプリ,77,,
ai を 使っ た ゲーム,77,,
ai ゲーム 開発,77,,
ai ゲーム実況,78,プライベート,趣味・娯楽
chatgpt ゲーム作成,79,プライベート,趣味・娯楽
chatgpt ゲーム プロンプト,79,,
chatgpt ゲーム,79,,
ai 小説 二 次 創作,80,プライベート,趣味・娯楽
ai イラスト 二 次 創作 やり方,81,プライベート,趣味・娯楽
chatgpt 競馬予想,82,プライベート,趣味・娯楽
ai レシピ,83,プライベート,暮らし
ai 料理 レシピ ,83,,
ai レシピ提案,83,,
ai 主婦,84,プライベート,暮らし
ai 子育て,85,プライベート,暮らし
ai ダイエット,86,プライベート,健康・美容
chatgpt ダイエット,86,,
管理 栄養士 ai,87,プライベート,健康・美容
chatgpt 占いプロンプト,88,プライベート,趣味・娯楽
chatgpt 占い 当たる,88,,
chatgpt 占い,88,,
chatgpt line連携,89,プライベート,趣味・娯楽
chatgpt lineスタンプ,89,,
chatgpt line,89,,
chatgpt discord,90,プライベート,趣味・娯楽
chatgpt 裏技,91,プライベート,日常
ai 旅行プラン,92,プライベート,旅行・おでかけ
旅行 プラン 自動 作成 ai,92,,
ai を 使っ た 勉強 方法,93,ビジネス,学習・研究
ai 勉強 活用,93,,
ai 恋愛相談,94,プライベート,人間関係
ai 恋愛診断,95,プライベート,人間関係
ai 恋愛ゲーム 男性向け,96,プライベート,趣味・娯楽
ai 心理 学,97,プライベート,人間関係
ai メンタルケア,98,プライベート,人間関係
ai 悩み相談 アプリ 無料,99,プライベート,人間関係
ai 愚痴,99,,
ai 悩み相談 line,99,,
chatgpt 話し相手,100,プライベート,人間関係
chatgpt 恋愛相談,100,,
chatgpt 恋愛シミュレーション,100,,
chatgpt 恋愛,100,,
chatgpt 怖い,101,プライベート,日常
chatgpt 似顔絵 無料,102,プライベート,趣味・娯楽
chatgpt 似顔絵 プロンプト,102,,
chatgpt 似顔絵,102,,
chatgpt 手相占い,103,プライベート,趣味・娯楽
chatgpt ロゴ作成,104,ビジネス,クリエイティブ
chatgpt ロゴ,104,,
chatgpt なぞかけ,105,プライベート,趣味・娯楽
chatgpt ポスター作成,106,ビジネス,クリエイティブ
chatgpt 育てる,107,プライベート,日常
chatgpt 口調を変える,107,,
chatgpt 会話モード,108,プライベート,日常
chatgpt 会話,108,,
chatgpt 音声会話,108,,
chatgpt 擬人化,109,プライベート,趣味・娯楽
chatgpt 人生相談,110,プライベート,人間関係
chatgpt 声 変更,111,プライベート,日常
chatgpt 声,111,,
chatgpt 友達,112,プライベート,人間関係
chatgpt 優しい,112,,